,Query,Precision,Recall,F-measure
0,0.0,0.1,0.034482758620689655,0.05128205128205129
1,1.0,0.0,0.0,0.0
