,Query,Precision,Recall,F-measure
0,0.0,0.3,0.10344827586206896,0.15384615384615385
1,1.0,0.1,0.04,0.05714285714285714
