,Query,Precision,Recall,F-measure
0,0.0,0.5,0.1724137931034483,0.25641025641025644
1,1.0,0.2,0.08,0.11428571428571428
