,Query,Precision,Recall,F-measure
0,0.0,0.2,0.06896551724137931,0.10256410256410257
1,1.0,0.0,0.0,0.0
